{
	"credit": "",
	"texture_size": [512, 512],
	"textures": {
		"1": "item/totem_of_undying/totem_of_undying",
		"particle": "item/totem_of_undying/totem_of_undying"
	},
	"elements": [
		{
			"from": [8, 0, 3],
			"to": [8, 10, 13],
			"faces": {
				"north": {"uv": [0, 0, 0, 0.3125], "texture": "#1"},
				"east": {"uv": [16, 0, 0, 16], "texture": "#1"},
				"south": {"uv": [0, 0, 0, 0.3125], "texture": "#1"},
				"west": {"uv": [0, 0, 16, 16], "texture": "#1"},
				"up": {"uv": [0, 0, 0, 0.3125], "texture": "#1"},
				"down": {"uv": [0, 0, 0, 0.3125], "texture": "#1"}
			}
		}
	],
	"gui_light": "front",
	"display": {
		"thirdperson_righthand": {
			"translation": [0, 7.75, 2.5]
		},
		"thirdperson_lefthand": {
			"translation": [0, 7.75, 2.5]
		},
		"firstperson_righthand": {
			"rotation": [0, 45, 0],
			"translation": [1, 3.5, 0],
			"scale": [0.6, 0.6, 0.6]
		},
		"firstperson_lefthand": {
			"rotation": [0, 45, 0],
			"translation": [1, 3.5, 0],
			"scale": [0.6, 0.6, 0.6]
		},
		"ground": {
			"translation": [0, 6.25, 0]
		},
		"gui": {
			"rotation": [0, 90, 0],
			"translation": [0, 4.75, 0.5],
			"scale": [1.6, 1.6, 1.6]
		},
		"head": {
			"rotation": [0, 90, 0],
			"translation": [0, 14, 0]
		},
		"fixed": {
			"rotation": [0, 90, 0],
			"translation": [0, 5.75, 0.5],
			"scale": [2, 2, 2]
		}
	},
	"groups": [
		{
			"name": "group",
			"origin": [0, 0, 0],
			"color": 0,
			"children": [0]
		}
	]
}